img;text
https://3.downloader.disk.yandex.ru/preview/c7900bc2f4a20c3a87c0a0e0b73eea5fa5a66c77bf68e64cf495beed2d39f8cc/inf/04wJBTl3QbBSj9LMSebGDhzAoaRtkda-cKaoAVklmeCK2YgOGStS0hBXBT05uk0EMFtDEe7TOGL7pE16-szulg%3D%3D?uid=932467616&filename=-3uUd1QSS7M.jpg&disposition=inline&hash=&limit=0&content_type=image%2Fjpeg&owner_uid=932467616&tknv=v2&size=1349x619;
https://4.downloader.disk.yandex.ru/preview/827c55a4d4f522a9b7bb91d088d3ec62866f7fd2274417f58a605b9fdbd1747e/inf/BZjYzlQJITCAm20GrEW9EhzAoaRtkda-cKaoAVklmeDFmBNCLAuwdNY2cKSyNO-AD6xMRmafNiYc3VXlox1IiQ%3D%3D?uid=932467616&filename=7dL1iqJfGIo.jpg&disposition=inline&hash=&limit=0&content_type=image%2Fjpeg&owner_uid=932467616&tknv=v2&size=1349x619;
https://4.downloader.disk.yandex.ru/preview/d82efc59faec756ef232dcff4f0f10d4a612ac9f1945fc14ab7d0c9282619c8a/inf/HeUwPg9-nZnh33gsXKvYkBzAoaRtkda-cKaoAVklmeCE6KNuKMomzwZ7wjRtCNxxV6uqqtw_sRz1oDJ77phbSQ%3D%3D?uid=932467616&filename=47VW_KWwt4k.jpg&disposition=inline&hash=&limit=0&content_type=image%2Fjpeg&owner_uid=932467616&tknv=v2&size=1349x619;
https://2.downloader.disk.yandex.ru/preview/ad85529535089c7d218c288a8b484e9195d40f1d5e87c443621f47995bda9a0d/inf/qPY7BLj8BzGApBRNfh8lsE5sJxBQspCcewhqQsZEDypauZVaPoXfILDn2taO6BL0C_Fq3mhNGWccnfYLr1SeEw%3D%3D?uid=932467616&filename=JNfo_mllpAQ.jpg&disposition=inline&hash=&limit=0&content_type=image%2Fjpeg&owner_uid=932467616&tknv=v2&size=1349x619;
https://1.downloader.disk.yandex.ru/preview/0ab590460efe8a21ce994ca8b8d1b8a631904e8760f98c7fa93f06a4168efd69/inf/EgjSJX7r0LOGzApJYYoe9k5sJxBQspCcewhqQsZEDypPF8WaMWwzmBgky99SN-4TIp6_e0z_6mQpNp_pXWyN8g%3D%3D?uid=932467616&filename=SORftIIY2-c.jpg&disposition=inline&hash=&limit=0&content_type=image%2Fjpeg&owner_uid=932467616&tknv=v2&size=1349x619;
https://2.downloader.disk.yandex.ru/preview/96d0f4751d1a907604c779da277ac89b29851673463fb5530e197f3a03168870/inf/wS6cDuQwuC8JCgyzrN3fME5sJxBQspCcewhqQsZEDyqXSUJe5HUal0xHnUj-k9wUEoI8_h2WZ3HK3P5Vjgtavw%3D%3D?uid=932467616&filename=UiD4elNRPWs.jpg&disposition=inline&hash=&limit=0&content_type=image%2Fjpeg&owner_uid=932467616&tknv=v2&size=1349x619;
https://1.downloader.disk.yandex.ru/preview/f0f43e693c7376ae99fc55b02b0ee2aacb5279721b26214b5474a3894a2bcc8f/inf/6vnCjNt7HJ9L20xzNq5Bgk5sJxBQspCcewhqQsZEDyr4QRrTxTZj3Gg6lE0Z4o1k1bychaqugfg5jMXp6OWGbA%3D%3D?uid=932467616&filename=YKLkiAGsFNY.jpg&disposition=inline&hash=&limit=0&content_type=image%2Fjpeg&owner_uid=932467616&tknv=v2&size=1349x619;
https://3.downloader.disk.yandex.ru/preview/af0ec469b02e9f7872e8169c42bef81b2fa44d6accd9a8a799809f2d1b8d9156/inf/zZqNMU2u3mi4snk2EbCMQhzAoaRtkda-cKaoAVklmeCBfcC4ZBRZBgLikyGIRLP0slCJOtML24_wUBoEVSA1FA%3D%3D?uid=932467616&filename=bWbTYLDDZIk.jpg&disposition=inline&hash=&limit=0&content_type=image%2Fjpeg&owner_uid=932467616&tknv=v2&size=1349x619;
https://3.downloader.disk.yandex.ru/preview/28a0ca042432811e15a5fe3f10d6dcb31077755d689c5c124ce86ed2ab433df0/inf/sQh9eGwODNwqRuaYa5jK3BzAoaRtkda-cKaoAVklmeARhcmCSqzVX_hye72YWsqTA2Hgb3oeZTchmuUN314L_A%3D%3D?uid=932467616&filename=fNfUMCfB08E.jpg&disposition=inline&hash=&limit=0&content_type=image%2Fjpeg&owner_uid=932467616&tknv=v2&size=1349x619;
https://3.downloader.disk.yandex.ru/preview/91624cd3601e041922c3749013926aa3f758f3af45b4d4920acf121486d6a750/inf/61G--GouqBoH6prAYWhC6BzAoaRtkda-cKaoAVklmeAxssJa-2SNCmObcathEaiYdGpBQO-gkcESi03bqDNX9Q%3D%3D?uid=932467616&filename=g4dMVDXV3CM.jpg&disposition=inline&hash=&limit=0&content_type=image%2Fjpeg&owner_uid=932467616&tknv=v2&size=1349x619;
https://2.downloader.disk.yandex.ru/preview/10e5925043f73bf0a63fb71c31b3900f21cbf592a3c4569f53cb4c61840131f7/inf/fxJoJhEmEp_Cl5FIePzMb05sJxBQspCcewhqQsZEDypKu7wsGHVzb_tLXj1iZKdlBNeXuY8W6-GY473IqxyMzQ%3D%3D?uid=932467616&filename=jR3SHsl-IQs.jpg&disposition=inline&hash=&limit=0&content_type=image%2Fjpeg&owner_uid=932467616&tknv=v2&size=1349x619;
https://3.downloader.disk.yandex.ru/preview/1dea3d01c5ff7c25480647b02d0b2f58dc33d248b4b177ea3ce612ffc4eaeabb/inf/AfpJfdIL8B1Uigoqi5YsrhzAoaRtkda-cKaoAVklmeAtVfeabRKYOa76HKuBZO8gRbSNMAL93k_-RmGpliYZbg%3D%3D?uid=932467616&filename=kVbRs2C3X-Y.jpg&disposition=inline&hash=&limit=0&content_type=image%2Fjpeg&owner_uid=932467616&tknv=v2&size=1349x619;